"table_id","row_id","label","kind","n","d","h","G","h_floor_3","h_ceil_3","source_line"
"admissible-classical","admissible-classical:r01","tab:admissible-classical","classical",3,1,"0.95636388101612373657668971285041050354`24.","17.62100476580762847313770364794413487243`24.","239/250","957/1000",2047
"admissible-classical","admissible-classical:r02","tab:admissible-classical","classical",4,1,"0.79881596662874806002577784089591924062`24.","24.41661556961814049222463038644611540647`24.","399/500","799/1000",2048
"admissible-classical","admissible-classical:r03","tab:admissible-classical","classical",5,1,"0.66469789009103076487647801953239978434`24.","27.75703857728020190316586188822401874299`24.","83/125","133/200",2049
"admissible-classical","admissible-classical:r04","tab:admissible-classical","classical",6,1,"0.54769150112333532562198052337746858296`24.","26.73969075545878443975076726816329665381`24.","547/1000","137/250",2050
"admissible-classical","admissible-classical:r05","tab:admissible-classical","classical",7,1,"0.44380119584837413042282704167464999653`24.","22.34512934559570687550735935612258783223`24.","443/1000","111/250",2051
"admissible-classical","admissible-classical:r06","tab:admissible-classical","classical",8,1,"0.35031134697332315131525051082634203974`24.","16.4856577524705875106987261729684614583`24.","7/20","351/1000",2052
"admissible-classical","admissible-classical:r07","tab:admissible-classical","classical",9,1,"0.26528336603351561113816909887839877345`24.","10.88679181427261155670642380735980535661`24.","53/200","133/500",2053
"admissible-classical","admissible-classical:r08","tab:admissible-classical","classical",10,1,"0.18728149324865612667493337422958205038`24.","6.50658624586800234561254789456409120673`24.","187/1000","47/250",2054
"admissible-classical","admissible-classical:r09","tab:admissible-classical","classical",11,1,"0.11521105526575204200644781723139360621`24.","3.55132796406436138775025584126526216399`24.","23/200","29/250",2055
"admissible-classical","admissible-classical:r10","tab:admissible-classical","classical",12,1,"0.04821745746921892940459351085052475802`24.","1.78355665166167604232201387453900224868`24.","6/125","49/1000",2056
"admissible-classical","admissible-classical:r11","tab:admissible-classical","classical",3,2,"1.09704496599516784580989011064582301752`24.","26.87334486104431522896196652830841243809`24.","1097/1000","549/500",2059
"admissible-classical","admissible-classical:r12","tab:admissible-classical","classical",4,2,"0.70228465769514349719643008554356993108`24.","16.59561710664898737839884248321768733745`24.","351/500","703/1000",2060
"admissible-classical","admissible-classical:r13","tab:admissible-classical","classical",5,2,"0.37622495024580944791579581235004995236`24.","6.56088007169993470996924748432120960194`24.","47/125","377/1000",2061
"admissible-classical","admissible-classical:r14","tab:admissible-classical","classical",6,2,"0.09809687868693505337511608559193536764`24.","1.80143086140619885788763361597115237393`24.","49/500","99/1000",2062
"admissible-classical","admissible-classical:r15","tab:admissible-classical","classical",3,3,"1.08518808615493503875135984199891831499`24.","25.93424402292265733906443615641496764956`24.","217/200","543/500",2065
"admissible-classical","admissible-classical:r16","tab:admissible-classical","classical",4,3,"0.43399036046204499355063307791529626868`24.","5.67438076916436893601580874607380990918`24.","433/1000","217/500",2066
"admissible-classical","admissible-classical:r17","tab:admissible-classical","classical",3,4,"1.00527934147192773853981395418396454552`24.","20.40618465804893925808998391059536099638`24.","201/200","503/500",2069
"admissible-classical","admissible-classical:r18","tab:admissible-classical","classical",4,4,"0.08907841445032973124864195836675842657`24.","1.42805539874080594240863999424295045638`24.","89/1000","9/100",2070
"admissible-classical","admissible-classical:r19","tab:admissible-classical","classical",3,5,"0.88664810901297686000677281514186334609`24.","14.29549320408628314369669220656630293792`24.","443/500","887/1000",2072
"admissible-classical","admissible-classical:r20","tab:admissible-classical","classical",3,6,"0.74298706245053257784997844812747865653`24.","9.29021027712490446035771920499849292915`24.","371/500","743/1000",2073
"admissible-classical","admissible-classical:r21","tab:admissible-classical","classical",3,7,"0.58180641114497883865927348943716498422`24.","5.72830246801797566215730970969995322684`24.","581/1000","291/500",2074
"admissible-classical","admissible-classical:r22","tab:admissible-classical","classical",3,8,"0.40767322979946662570593125324243901671`24.","3.39743144714354154116751582325533118558`24.","407/1000","51/125",2075
"admissible-classical","admissible-classical:r23","tab:admissible-classical","classical",3,9,"0.22357302118174200328261052791045808726`24.","1.95564304679457707240189262419293843012`24.","223/1000","28/125",2076
"admissible-classical","admissible-classical:r24","tab:admissible-classical","classical",3,10,"0.03156495450583998631162909525913719979`24.","1.09932336027958352441211836233115984579`24.","31/1000","4/125",2077
"admissible-integral","admissible-integral:r01","tab:admissible-norm","integral",5,1,"1.35784507065097607429371014099057635241`24.","27.75703857728020190316586188822401874266`24.","1357/1000","679/500",2112
"admissible-integral","admissible-integral:r02","tab:admissible-norm","integral",6,1,"1.24083868168328063503921264483564515104`24.","26.73969075545878443975076726816329665413`24.","31/25","1241/1000",2113
"admissible-integral","admissible-integral:r03","tab:admissible-norm","integral",7,1,"1.1369483764083194398400591631328265646`24.","22.34512934559570687550735935612258783337`24.","142/125","1137/1000",2114
"admissible-integral","admissible-integral:r04","tab:admissible-norm","integral",8,1,"1.04345852753326846073248263228451860782`24.","16.48565775247058751069872617296846145741`24.","1043/1000","261/250",2115
"admissible-integral","admissible-integral:r05","tab:admissible-norm","integral",9,1,"0.95843054659346092055540122033657534153`24.","10.88679181427261155670642380735980535698`24.","479/500","959/1000",2116
"admissible-integral","admissible-integral:r06","tab:admissible-norm","integral",10,1,"0.88042867380860143609216549568775861845`24.","6.50658624586800234561254789456409120208`24.","22/25","881/1000",2117
"admissible-integral","admissible-integral:r07","tab:admissible-norm","integral",11,1,"0.80835823582569735142367993868957017428`24.","3.55132796406436138775025584126526216398`24.","101/125","809/1000",2118
"admissible-integral","admissible-integral:r08","tab:admissible-norm","integral",12,1,"0.74136463802916423882182563230870132609`24.","1.78355665166167604232201387453900224867`24.","741/1000","371/500",2119
"admissible-integral","admissible-integral:r09","tab:admissible-norm","integral",13,1,"0.67876742402350584264743201331707398524`24.","0.82949612987551690004599340781892517006`24.","339/500","679/1000",2120
"admissible-integral","admissible-integral:r09","tab:admissible-norm","integral",14,1,"0.62001565214868554229666211309831411847`24.","0.35921240870521377829454212858345306548`24.","31/50","621/1000",2120
"admissible-integral","admissible-integral:r09","tab:admissible-norm","integral",15,1,"0.56465677962238836145040921960743812406`24.","0.14553247606754487527021968549997672841`24.","141/250","113/200",2120
"admissible-integral","admissible-integral:r09","tab:admissible-norm","integral",16,1,"0.51231440627376473699903263335439979635`24.","0.05539176244690159141592303553125990714`24.","64/125","513/1000",2120
"admissible-integral","admissible-integral:r09","tab:admissible-norm","integral",17,1,"0.46267200198585601639681969410733209174`24.","0.01987926528842133996244084765316252926`24.","231/500","463/1000",2120
"admissible-integral","admissible-integral:r09","tab:admissible-norm","integral",18,1,"0.41546077893902824513623094198719220674`24.","0.00674903849670518205480285173502039965`24.","83/200","52/125",2120
"admissible-integral","admissible-integral:r09","tab:admissible-norm","integral",19,1,"0.37045049897507613195051225352626245895`24.","0.00217389030309856196749196567769623597`24.","37/100","371/1000",2120
"admissible-integral","admissible-integral:r09","tab:admissible-norm","integral",20,1,"0.32744240034756971296768945723406368446`24.","0.00066608344382240886006786756461534169`24.","327/1000","41/125",2120
"admissible-integral","admissible-integral:r09","tab:admissible-norm","integral",21,1,"0.28626368160106006603674243089515439373`24.","0.00019460212311232828997091538345617943`24.","143/500","287/1000",2120
"admissible-integral","admissible-integral:r09","tab:admissible-norm","integral",22,1,"0.2467631474031450966615225261736398091`24.","0.00005432919961368642480259252893730497`24.","123/500","247/1000",2120
"admissible-integral","admissible-integral:r09","tab:admissible-norm","integral",23,1,"0.208807733682286777307159357565386297`24.","0.0000145225596715295689732207698395089104833042765333750965`24.","26/125","209/1000",2120
"admissible-integral","admissible-integral:r09","tab:admissible-norm","integral",24,1,"0.17227970669094177283760453581114495651`24.","3.7236009042688907689345453059424542054024872125396529`24.*^-6","43/250","173/1000",2120
"admissible-integral","admissible-integral:r09","tab:admissible-norm","integral",25,1,"0.13707438460238518131270597624764698153`24.","9.173104256248724380925512021466954878943143684135924`24.*^-7","137/1000","69/500",2120
"admissible-integral","admissible-integral:r09","tab:admissible-norm","integral",26,1,"0.10309826857671982531789789063391883149`24.","2.174554768383645217448214574074091332568969361791695`24.*^-7","103/1000","13/125",2120
"admissible-integral","admissible-integral:r09","tab:admissible-norm","integral",27,1,"0.07026749783734899301318634243049706114`24.","4.96756266539996249182236770563017951129821617807335`24.*^-8","7/100","71/1000",2120
"admissible-integral","admissible-integral:r09","tab:admissible-norm","integral",28,1,"0.03850656344867233555241474842667015408`24.","1.09498806628227209884222543769044963729486277087947`24.*^-8","19/500","39/1000",2120
"admissible-integral","admissible-integral:r09","tab:admissible-norm","integral",29,1,"0.00774723037386859493041880132921775916`24.","2.3318624465174144880235970017422825587515771438557`24.*^-9","7/1000","1/125",2120
"admissible-integral","admissible-integral:r10","tab:admissible-norm","integral",5,2,"1.76251931136570006675026005526640308851`24.","6.56088007169993470996924748432120957763`24.","881/500","1763/1000",2123
"admissible-integral","admissible-integral:r11","tab:admissible-norm","integral",6,2,"1.48439123980682567220958032850828850379`24.","1.80143086140619885788763361597115237392`24.","371/250","297/200",2124
"admissible-integral","admissible-integral:r12","tab:admissible-norm","integral",7,2,"1.24169326804586827915925329008751408855`24.","0.363415797887170497844579720667389939`24.","1241/1000","621/500",2125
"admissible-integral","admissible-integral:r12","tab:admissible-norm","integral",8,2,"1.02629077629602666856399433059968544431`24.","0.05613315299131860364153054082700946907`24.","513/500","1027/1000",2125
"admissible-integral","admissible-integral:r12","tab:admissible-norm","integral",9,2,"0.83258352162655368483839094786527026509`24.","0.00685074717893273552097381376632524873`24.","104/125","833/1000",2125
"admissible-integral","admissible-integral:r12","tab:admissible-norm","integral",10,2,"0.65654676444363662050130797835901322052`24.","0.00067724601116943633652950595914783534`24.","82/125","657/1000",2125
"admissible-integral","admissible-integral:r12","tab:admissible-norm","integral",11,2,"0.49518825855478738788897411623816546981`24.","0.00005533155882509135000297916567115035`24.","99/200","62/125",2125
"admissible-integral","admissible-integral:r12","tab:admissible-norm","integral",12,2,"0.34622137713038074024113813551317576463`24.","3.7986082516855464453895684067425291552236672222985818`24.*^-6","173/500","347/1000",2125
"admissible-integral","admissible-integral:r12","tab:admissible-norm","integral",13,2,"0.20785850090193684520172484515872351458`24.","2.222048388815303532154350248846284942827210641370692`24.*^-7","207/1000","26/125",2125
"admissible-integral","admissible-integral:r12","tab:admissible-norm","integral",14,2,"0.07867509064584186567075856074422615976`24.","1.12076440538626824472944592509923786229226299863728`24.*^-8","39/500","79/1000",2125
"admissible-integral","admissible-integral:r13","tab:admissible-norm","integral",5,3,"1.98330832692155328968808020418603636681`24.","0.61837137363878125598177139782378287432`24.","1983/1000","248/125",2127
"admissible-integral","admissible-integral:r13","tab:admissible-norm","integral",6,3,"1.53572032487147294074554537132529861486`24.","0.03829916054770685706694546061491599095`24.","307/200","192/125",2127
"admissible-integral","admissible-integral:r13","tab:admissible-norm","integral",7,3,"1.14812903285756840344707983804918517583`24.","0.00147486685397566683656616812251609612`24.","287/250","1149/1000",2127
"admissible-integral","admissible-integral:r13","tab:admissible-norm","integral",8,3,"0.80617710812721352384966615279715686417`24.","0.00003769001063854111434511504970388985`24.","403/500","807/1000",2127
"admissible-integral","admissible-integral:r13","tab:admissible-norm","integral",9,3,"0.50014048156643518437641157265521317804`24.","6.71528391595020496975473150258406900263860602122719`24.*^-7","1/2","501/1000",2127
"admissible-integral","admissible-integral:r13","tab:admissible-norm","integral",10,3,"0.22312087360598040564011502340738466714`24.","8.6716506252575618861557039714614441496256207433836`24.*^-9","223/1000","28/125",2127
"admissible-integral","admissible-integral:r14","tab:admissible-norm","integral",5,4,"2.12217911298533087279219773971812025128`24.","0.03869487772350807012981548755267707377`24.","1061/500","2123/1000",2129
"admissible-integral","admissible-integral:r14","tab:admissible-norm","integral",6,4,"1.5015283383588191122718580540264453395`24.","0.00048743076248451019519843270352250731`24.","1501/1000","751/500",2129
"admissible-integral","admissible-integral:r14","tab:admissible-norm","integral",7,4,"0.96643576538974136313109890448854612976`24.","3.2298634474641094654043651173928059245805448949869739`24.*^-6","483/500","967/1000",2129
"admissible-integral","admissible-integral:r14","tab:admissible-norm","integral",8,4,"0.49595931631272484138025089167916970304`24.","1.2307767775710388488662217548524384667504507433885`24.*^-8","99/200","62/125",2129
"admissible-integral","admissible-integral:r14","tab:admissible-norm","integral",9,4,"0.07604569237994916598590980229836864974`24.","2.88506882029154309362684621119034220466606446883`24.*^-11","19/250","77/1000",2129
"admissible-integral","admissible-integral:r15","tab:admissible-norm","integral",5,5,"2.21447203671268750640441720563379047384`24.","0.00191829342290254823222536992596738097`24.","1107/500","443/200",2131
"admissible-integral","admissible-integral:r15","tab:admissible-norm","integral",6,5,"1.41873825628674860034632478780166002035`24.","4.6344831330119780286852077508825616196677158730872267`24.*^-6","709/500","1419/1000",2131
"admissible-integral","admissible-integral:r15","tab:admissible-norm","integral",7,5,"0.73468722805823893386980157312181119572`24.","4.9824668199050089547560581515206033946582207159229`24.*^-9","367/500","147/200",2131
"admissible-integral","admissible-integral:r15","tab:admissible-norm","integral",8,5,"0.13458556013028010410905814894392913558`24.","2.6693056290754884975650794062493497815249053172`24.*^-12","67/500","27/200",2131
"admissible-integral","admissible-integral:r16","tab:admissible-norm","integral",5,6,"2.27667124327921936414251048104071016954`24.","0.00008181424376136359659945235906136438`24.","569/250","2277/1000",2133
"admissible-integral","admissible-integral:r16","tab:admissible-norm","integral",5,7,"2.317812863957643809963181271595078086`24.","3.1406304441368387283442341707646068445938684123860461`24.*^-6","2317/1000","1159/500",2133
"admissible-integral","admissible-integral:r16","tab:admissible-norm","integral",6,6,"1.30455974335338068113269036222813952897`24.","3.6500494079031965826252045827083379787046596014003`24.*^-8","163/125","261/200",2133
"admissible-integral","admissible-integral:r16","tab:admissible-norm","integral",6,7,"1.16842252405198599244386128347255822239`24.","2.519862888542776496774711895922203281872822118933`24.*^-10","146/125","1169/1000",2133
"admissible-integral","admissible-integral:r16","tab:admissible-norm","integral",7,6,"0.47061828948587249221126549074844598261`24.","6.1298333206014053834683173753140405436791636793`24.*^-12","47/100","471/1000",2133
"admissible-integral","admissible-integral:r16","tab:admissible-norm","integral",7,7,"0.18394285001848117227146949957706788044`24.","6.4376559928978792160902446321489576699451261`24.*^-15","183/1000","23/125",2133
"admissible-integral","admissible-integral:r17","tab:admissible-norm","integral",5,8,"2.34338973503872452517202525769608962026`24.","1.11533756029586135216231928573513775266169455925796`24.*^-7","2343/1000","293/125",2135
"admissible-integral","admissible-integral:r17","tab:admissible-norm","integral",5,9,"2.35699148389237967294891600460749099116`24.","3.7307158465627290143832865714726563477138925050735`24.*^-9","589/250","2357/1000",2135
"admissible-integral","admissible-integral:r17","tab:admissible-norm","integral",5,10,"2.36109340354552346075559976383429211946`24.","1.190006678950114024793087890519234463989702869833`24.*^-10","2361/1000","1181/500",2135
"admissible-integral","admissible-integral:r17","tab:admissible-norm","integral",5,11,"2.3574747208972113579312808594966579679`24.","3.6520906689091303612741584988567942208337364589`24.*^-12","2357/1000","1179/500",2135
"admissible-integral","admissible-integral:r17","tab:admissible-norm","integral",5,12,"2.34745735072007723670512652774265810977`24.","1.085523250128493073933518564753870133035987327`24.*^-13","2347/1000","587/250",2135
"admissible-integral","admissible-integral:r17","tab:admissible-norm","integral",5,13,"2.33205032148068916859350758590273633284`24.","3.1407488725189926817583801694808284155485461`24.*^-15","583/250","2333/1000",2135
"admissible-integral","admissible-integral:r17","tab:admissible-norm","integral",6,8,"1.01605701930904968223065933052902550067`24.","1.5782214759771435910245962605312217544176500893`24.*^-12","127/125","1017/1000",2135
"admissible-integral","admissible-integral:r17","tab:admissible-norm","integral",6,9,"0.85120733633224773249115065079394999448`24.","9.1712414856085802989910686961501864733930375`24.*^-15","851/1000","213/250",2135
"admissible-integral","admissible-integral:r17","tab:admissible-norm","integral",6,10,"0.67645488433070078934942500289489065789`24.","5.02208433289854704480818110223849243404293`24.*^-17","169/250","677/1000",2135
"admissible-integral","admissible-integral:r17","tab:admissible-norm","integral",6,11,"0.4936549362869800663708426402498346402`24.","2.620414385450544325605768591858854799215`24.*^-19","493/1000","247/500",2135
"admissible-integral","admissible-integral:r17","tab:admissible-norm","integral",6,12,"0.30418576976175329578484752609851257373`24.","1.3136434958727302224781553853365596039`24.*^-21","38/125","61/200",2135
"admissible-integral","admissible-integral:r17","tab:admissible-norm","integral",6,13,"0.1090993492207323295048616081692128292`24.","6.3671900098471839970346828736012954`24.*^-24","109/1000","11/100",2135
"admissible-integral","admissible-integral:r18","tab:admissible-norm","integral",5,14,"2.31204133644021458139455971127528098026`24.","8.88043572475818478111245693202341500127137`24.*^-17","289/125","2313/1000",2137
"admissible-integral","admissible-integral:r18","tab:admissible-norm","integral",5,15,"2.28805711426097142992906453054576480007`24.","2.4615191578937622547414462078973971306481`24.*^-18","286/125","2289/1000",2137
"admissible-integral","admissible-integral:r18","tab:admissible-norm","integral",5,16,"2.26060447203299657379314179932423669129`24.","6.70564544441826657225662236224379214427`24.*^-20","113/50","2261/1000",2137
"admissible-integral","admissible-integral:r18","tab:admissible-norm","integral",5,17,"2.23009908538204201786321861614312849375`24.","1.7990738994391197819194798573787132246`24.*^-21","223/100","2231/1000",2137
"admissible-integral","admissible-integral:r18","tab:admissible-norm","integral",5,18,"2.1968861112148864017639359376347906272`24.","4.7618747442743092266018775177475307`24.*^-23","549/250","2197/1000",2137
"admissible-integral","admissible-integral:r18","tab:admissible-norm","integral",5,19,"2.16125528857537543221400005621345555916`24.","1.2452502597192213300309297593600198`24.*^-24","2161/1000","1081/500",2137
"admissible-integral","admissible-integral:r18","tab:admissible-norm","integral",5,20,"2.12345220200120884295503075592836274034`24.","3.221204544850490591216892252637693622537759625197527`24.*^-26","2123/1000","531/250",2137
"admissible-integral","admissible-integral:r18","tab:admissible-norm","integral",5,21,"2.08368682122945785786764284152089131474`24.","8.2512338866897966124487763265605747892608573760548`24.*^-28","2083/1000","521/250",2137
"admissible-integral","admissible-integral:r18","tab:admissible-norm","integral",5,22,"2.04214007126159021914125850983744861094`24.","2.094842122909292993368524329268154990440069848266`24.*^-29","1021/500","2043/1000",2137
"admissible-integral","admissible-integral:r18","tab:admissible-norm","integral",5,23,"1.99896895397509743106400253243716300385`24.","5.2754125682655071793903898986880449928330597933`24.*^-31","999/500","1999/1000",2137
"admissible-integral","admissible-integral:r18","tab:admissible-norm","integral",5,24,"1.95431058834657306898874780876813930712`24.","1.31865760120277772306909662666104626490658954`24.*^-32","977/500","391/200",2137
"admissible-integral","admissible-integral:r18","tab:admissible-norm","integral",5,25,"1.90828543221103218737929765319166847838`24.","3.2737062499620466409723725232806498552456246`24.*^-34","477/250","1909/1000",2137
"admissible-integral","admissible-integral:r18","tab:admissible-norm","integral",5,26,"1.86099987679723110584155740433597798536`24.","8.07626294695526288516306357068911957329523`24.*^-36","93/50","1861/1000",2137
"admissible-integral","admissible-integral:r18","tab:admissible-norm","integral",5,27,"1.8125483550953313222739818833646401576`24.","1.9808396899954291173874684354297315623333`24.*^-37","453/250","1813/1000",2137
"admissible-integral","admissible-integral:r18","tab:admissible-norm","integral",5,28,"1.76301506943745272710694703666361708781`24.","4.83213643310874982403684480277734693154`24.*^-39","1763/1000","441/250",2137
"admissible-integral","admissible-integral:r18","tab:admissible-norm","integral",5,29,"1.71247541794931167262730918169108432917`24.","1.1728534529456429568954739901802488901`24.*^-40","214/125","1713/1000",2137
"admissible-integral","admissible-integral:r18","tab:admissible-norm","integral",5,30,"1.66099718074314170525317823446851580868`24.","2.83341507800858532229335734742792125`24.*^-42","83/50","1661/1000",2137
"admissible-integral","admissible-integral:r18","tab:admissible-norm","integral",5,31,"1.60864151283376812705983857930161401537`24.","6.815085896575276617196115432246046`24.*^-44","201/125","1609/1000",2137
"admissible-integral","admissible-integral:r18","tab:admissible-norm","integral",5,32,"1.55546378037882984724409516999149599266`24.","1.632478148915811921988186210838901484305830847128706`24.*^-45","311/200","389/250",2137
"admissible-integral","admissible-integral:r18","tab:admissible-norm","integral",5,33,"1.50151426900461918763554024077728150606`24.","3.8953593070668295336878468661356721190855100872328`24.*^-47","1501/1000","751/500",2137
"admissible-integral","admissible-integral:r18","tab:admissible-norm","integral",5,34,"1.44683878700165665073357203723501064145`24.","9.26128489439130772564433414606663864541533986243`24.*^-49","723/500","1447/1000",2137
"admissible-integral","admissible-integral:r18","tab:admissible-norm","integral",5,35,"1.39147918157562699927314846034066356086`24.","2.1943677402502277659239577035713838344499085642`24.*^-50","1391/1000","174/125",2137
"admissible-integral","admissible-integral:r18","tab:admissible-norm","integral",5,36,"1.33547378277184539631960092952945501963`24.","5.18257091486970054015078250948988654626767297`24.*^-52","267/200","167/125",2137
"admissible-integral","admissible-integral:r18","tab:admissible-norm","integral",5,37,"1.27885778690200765150696260008526218348`24.","1.22026794246760403132093274809597669288023`24.*^-53","639/500","1279/1000",2137
"admissible-integral","admissible-integral:r18","tab:admissible-norm","integral",5,38,"1.22166358910476483371501292842823881062`24.","2.86490088314322306463788500332117345668441`24.*^-55","1221/1000","611/500",2137
"admissible-integral","admissible-integral:r18","tab:admissible-norm","integral",5,39,"1.16392107292885714741282170046054618595`24.","6.707695545242327952004992220818928438801`24.*^-57","1163/1000","291/250",2137
"admissible-integral","admissible-integral:r18","tab:admissible-norm","integral",5,40,"1.10565786343608024175844285067996385107`24.","1.5664134805776722034240306954768074055`24.*^-58","221/200","553/500",2137
"admissible-integral","admissible-integral:r18","tab:admissible-norm","integral",5,41,"1.0468995492035105512495963288820920939`24.","3.648920282690122316252022819177659884`24.*^-60","523/500","1047/1000",2137
"admissible-integral","admissible-integral:r18","tab:admissible-norm","integral",5,42,"0.98766987770110552694539615888063881746`24.","8.480057551784697308344026467271207`24.*^-62","987/1000","247/250",2137
"admissible-integral","admissible-integral:r18","tab:admissible-norm","integral",5,43,"0.92799092778678276896219737889162459981`24.","1.9663355372358155509891900580690753654904535769775706`24.*^-63","927/1000","116/125",2137
"admissible-integral","admissible-integral:r18","tab:admissible-norm","integral",5,44,"0.86788326246148847033578303138909661463`24.","4.54972883158240512285805555350551636282961522593765`24.*^-65","867/1000","217/250",2137
"admissible-integral","admissible-integral:r18","tab:admissible-norm","integral",5,45,"0.80736606453451614555303709142618995626`24.","1.0505678571264505676937307240140627049985256300745`24.*^-66","807/1000","101/125",2137
"admissible-integral","admissible-integral:r18","tab:admissible-norm","integral",5,46,"0.74645725744328393474255043467402299966`24.","2.42109782022522667426497267134238895303084088772`24.*^-68","373/500","747/1000",2137
"admissible-integral","admissible-integral:r18","tab:admissible-norm","integral",5,47,"0.68517361313530551059062642982585629678`24.","5.569120509257091230116089207316140115168992557`24.*^-70","137/200","343/500",2137
"admissible-integral","admissible-integral:r18","tab:admissible-norm","integral",5,48,"0.62353084864006341086148115642789375184`24.","1.27873653880641224587125418801931992577540539`24.*^-71","623/1000","78/125",2137
"admissible-integral","admissible-integral:r18","tab:admissible-norm","integral",5,49,"0.56154371272447962753832059092856696065`24.","2.931080466645867966541890828086922840977806`24.*^-73","561/1000","281/500",2137
"admissible-integral","admissible-integral:r18","tab:admissible-norm","integral",5,50,"0.49922606382934191266733689750416274564`24.","6.7074386293130450138270429514136641844938`24.*^-75","499/1000","1/2",2137
"admissible-integral","admissible-integral:r18","tab:admissible-norm","integral",5,51,"0.43659094031869533808854422257829353766`24.","1.532485192331154134923416891180894782901`24.*^-76","109/250","437/1000",2137
"admissible-integral","admissible-integral:r18","tab:admissible-norm","integral",5,52,"0.37365062393445142287898762218553806309`24.","3.4960138785488611820152011415536180682`24.*^-78","373/1000","187/500",2137
"admissible-integral","admissible-integral:r18","tab:admissible-norm","integral",5,53,"0.3104166972299300239572157185994141604`24.","7.9636550952764718175960473774435718`24.*^-80","31/100","311/1000",2137
"admissible-integral","admissible-integral:r18","tab:admissible-norm","integral",5,54,"0.24690009565517487720408674046989784051`24.","1.8114982396854152527281545438081996`24.*^-81","123/500","247/1000",2137
"admissible-integral","admissible-integral:r18","tab:admissible-norm","integral",5,55,"0.18311115488076538232525537154406938972`24.","4.1150205947855350749910516966097234462409065333492781`24.*^-83","183/1000","23/125",2137
"admissible-integral","admissible-integral:r18","tab:admissible-norm","integral",5,56,"0.11905965387310014558949925167369626338`24.","9.33546526875066024930724151449761459211018096558612`24.*^-85","119/1000","3/25",2137
"admissible-integral","admissible-integral:r18","tab:admissible-norm","integral",5,57,"0.05475485417078783220379928005837935858`24.","2.1151924658449397260897844174440795112818468839813`24.*^-86","27/500","11/200",2137
